Months,total_revenue,previous_month_revenue,percentage_change
2023-01,104289.17999999993,NULL,NULL
2023-02,96690.98999999995,104289.17999999993,-7.29
2023-03,103271.49,96690.98999999995,6.81
2023-04,101561.09000000014,103271.49,-1.66
2023-05,102998.83999999995,101561.09000000014,1.42
2023-06,102210.28,102998.83999999995,-0.77
2023-07,90981.75000000004,102210.28,-10.99
