Months,total_revenue
2023-01,104289.17999999993
2023-07,90981.75000000004
